[
  {
    "tableNumber": "6",
    "items": [
      {
        "id": "1",
        "name": "بيتزا لحم",
        "price": 10000,
        "quantity": 1,
        "notes": ""
      },
      {
        "id": "2",
        "name": "بيتزا دجاج",
        "price": 8000,
        "quantity": 1,
        "notes": ""
      }
    ],
    "customerName": "",
    "captainId": "",
    "totalAmount": 18000,
    "notes": "لا يوجد ملاحظات",
    "status": "paid",
    "orderNumber": 8,
    "orderDate": "2025-08-18 11:25:51"
  },
  {
    "tableNumber": "6",
    "items": [
      {
        "id": "1",
        "name": "بيتزا لحم",
        "price": 10000,
        "quantity": 4,
        "notes": ""
      },
      {
        "id": "2",
        "name": "بيتزا دجاج",
        "price": 8000,
        "quantity": 1,
        "notes": ""
      }
    ],
    "customerName": "",
    "captainId": "",
    "totalAmount": 50160,
    "notes": "لا يوجد ملاحظات",
    "status": "paid",
    "orderNumber": 7,
    "orderDate": "2025-08-18 11:04:07"
  },
  {
    "tableNumber": "6",
    "items": [
      {
        "id": "2",
        "name": "بيتزا دجاج",
        "price": 8000,
        "quantity": 1,
        "notes": ""
      },
      {
        "id": "1",
        "name": "بيتزا لحم",
        "price": 10000,
        "quantity": 5,
        "notes": ""
      }
    ],
    "customerName": "",
    "captainId": "",
    "totalAmount": 58000,
    "notes": "لا يوجد ملاحظات",
    "status": "paid",
    "orderNumber": 6,
    "orderDate": "2025-08-18 10:06:28"
  },
  {
    "tableNumber": "6",
    "items": [
      {
        "id": "1",
        "name": "بيتزا لحم",
        "price": 10000,
        "quantity": 1,
        "notes": ""
      },
      {
        "id": "2",
        "name": "بيتزا دجاج",
        "price": 8000,
        "quantity": 1,
        "notes": ""
      }
    ],
    "customerName": "",
    "captainId": "",
    "totalAmount": 18000,
    "notes": "لا يوجد ملاحظات",
    "status": "paid",
    "orderNumber": 5,
    "orderDate": "2025-08-18 10:04:28"
  },
  {
    "tableNumber": "6",
    "items": [
      {
        "id": "1",
        "name": "بيتزا لحم",
        "price": 10000,
        "quantity": 1,
        "notes": ""
      },
      {
        "id": "2",
        "name": "بيتزا دجاج",
        "price": 8000,
        "quantity": 1,
        "notes": ""
      }
    ],
    "customerName": "",
    "captainId": "",
    "totalAmount": 18000,
    "notes": "لا يوجد ملاحظات",
    "status": "paid",
    "orderNumber": 4,
    "orderDate": "2025-08-18 09:56:01"
  },
  {
    "tableNumber": "6",
    "items": [
      {
        "id": "2",
        "name": "بيتزا دجاج",
        "price": 8000,
        "quantity": 4,
        "notes": ""
      },
      {
        "id": "1",
        "name": "بيتزا لحم",
        "price": 10000,
        "quantity": 2,
        "notes": ""
      }
    ],
    "customerName": "",
    "captainId": "",
    "totalAmount": 52000,
    "notes": "لا يوجد ملاحظات",
    "status": "paid",
    "orderNumber": 3,
    "orderDate": "2025-08-18 09:52:09"
  },
  {
    "tableNumber": "6",
    "items": [
      {
        "id": "1",
        "name": "بيتزا لحم",
        "price": 10000,
        "quantity": 5,
        "notes": ""
      }
    ],
    "customerName": "",
    "captainId": "",
    "totalAmount": 50000,
    "notes": "لا يوجد ملاحظات",
    "status": "paid",
    "orderNumber": 2,
    "orderDate": "2025-08-18 09:36:06"
  },
  {
    "tableNumber": "6",
    "items": [
      {
        "id": "2",
        "name": "بيتزا دجاج",
        "price": 8000,
        "quantity": 6,
        "notes": "kkk"
      },
      {
        "id": "1",
        "name": "بيتزا لحم",
        "price": 10000,
        "quantity": 4,
        "notes": ""
      }
    ],
    "customerName": "",
    "captainId": "",
    "totalAmount": 88000,
    "notes": "kkk",
    "status": "paid",
    "orderNumber": 1,
    "orderDate": "2025-08-18 09:35:32"
  }
]